Tipo_Origen,Archivo_Origen,Ubicacion_Origen,Folder_ID,NIT,Proveedor,Estado,Carpeta_Destino,Total_Archivos,Categorias,Observacion,Ruta_Final
ZIP,1781817417928_xbiqocx.zip,1781817417928_xbiqocx.zip,1781817417928_xbiqocx,901241386-1,RIVERA BRAVA SAS,Aprobado,901241386-1 - RIVERA BRAVA SAS,12,"Acta Manual Proveedores, Camara de Comercio, Cedula Representante Legal, Certificacion Bancaria, Certificaciones Comerciales, Certificado Estandares Minimos, Certificado de Calidad, Declaracion de Renta, Estados Financieros, RUT",OK,C:\Users\danie\Downloads\Proveedores\Proveedores_Clasificados\Aprobado\901241386-1 - RIVERA BRAVA SAS
ZIP,1782250443154_y7x7n38.zip,1782250443154_y7x7n38.zip,1782250443154_y7x7n38,900734772,Metroser SAS,Aprobado,900734772 - Metroser SAS,13,"Acta Manual Proveedores, Brochure y Portafolio, Camara de Comercio, Cedula Representante Legal, Certificacion Bancaria, Certificaciones Comerciales, Certificado Estandares Minimos, Declaracion de Renta, Estados Financieros, Historico Camara, RUT",OK,C:\Users\danie\Downloads\Proveedores\Proveedores_Clasificados\Aprobado\900734772 - Metroser SAS
ZIP,1783032223624_etn0swb.zip,proveedores\Nueva carpeta\1783032223624_etn0swb.zip,1783032223624_etn0swb,1004440981,LMZ Solutions,Rechazado,1004440981 - LMZ Solutions,5,"Acta Manual Proveedores, Cedula Representante Legal, Certificacion Bancaria, Certificaciones Comerciales, RUT",OK,C:\Users\danie\Downloads\Proveedores\Proveedores_Clasificados\Rechazado\1004440981 - LMZ Solutions
ZIP,1783049280767_aa95xxw.zip,proveedores\Nueva carpeta\1783049280767_aa95xxw.zip,1783049280767_aa95xxw,94505325-9,CLEAN SPEED SERVICE,Aprobado,94505325-9 - CLEAN SPEED SERVICE,11,"Acta Manual Proveedores, Camara de Comercio, Cedula Representante Legal, Certificacion Bancaria, Certificaciones Comerciales, Certificado Estandares Minimos, Declaracion de Renta, Historico Camara, RUT",OK,C:\Users\danie\Downloads\Proveedores\Proveedores_Clasificados\Aprobado\94505325-9 - CLEAN SPEED SERVICE
ZIP,1783098801214_7gla8w9.zip,proveedores\Nueva carpeta\1783098801214_7gla8w9.zip,1783098801214_7gla8w9,1004960465,Alex Barbosa Giraldo,Aprobado,1004960465 - Alex Barbosa Giraldo,6,"Acta Manual Proveedores, Brochure y Portafolio, Cedula Representante Legal, Certificacion Bancaria, Certificaciones Comerciales, RUT",OK,C:\Users\danie\Downloads\Proveedores\Proveedores_Clasificados\Aprobado\1004960465 - Alex Barbosa Giraldo
ZIP,1783373789698_0ml6fos.zip,proveedores\Nueva carpeta\1783373789698_0ml6fos.zip,1783373789698_0ml6fos,900316282-2,FERROBOMBAS DEL VALLE SAS,Aprobado,900316282-2 - FERROBOMBAS DEL VALLE SAS,12,"Acta Manual Proveedores, Brochure y Portafolio, Camara de Comercio, Cedula Representante Legal, Certificacion Bancaria, Certificaciones Comerciales, Certificado Estandares Minimos, Declaracion de Renta, Estados Financieros, RUT",OK,C:\Users\danie\Downloads\Proveedores\Proveedores_Clasificados\Aprobado\900316282-2 - FERROBOMBAS DEL VALLE SAS
ZIP,1783515130592_xak23xv.zip,proveedores\Nueva carpeta\1783515130592_xak23xv.zip,1783515130592_xak23xv,900566554,DOMINION COLOMBIA SAS,Aprobado,900566554 - DOMINION COLOMBIA SAS,14,"Acta Manual Proveedores, Brochure y Portafolio, Camara de Comercio, Cedula Representante Legal, Certificacion Bancaria, Certificaciones Comerciales, Certificado Ambiental, Certificado Estandares Minimos, Certificado de Calidad, Declaracion de Renta, Estados Financieros, RUT",OK,C:\Users\danie\Downloads\Proveedores\Proveedores_Clasificados\Aprobado\900566554 - DOMINION COLOMBIA SAS
ZIP,1783519653698_19n19ly.zip,proveedores\Nueva carpeta\1783519653698_19n19ly.zip,1783519653698_19n19ly,9017156949,SERVICIOS Y PROYECTOS ING SAS,Aprobado,9017156949 - SERVICIOS Y PROYECTOS ING SAS,12,"Acta Manual Proveedores, Brochure y Portafolio, Camara de Comercio, Cedula Representante Legal, Certificacion Bancaria, Certificaciones Comerciales, Certificado Estandares Minimos, Declaracion de Renta, Estados Financieros, RUT",OK,C:\Users\danie\Downloads\Proveedores\Proveedores_Clasificados\Aprobado\9017156949 - SERVICIOS Y PROYECTOS ING SAS
ZIP,1783537155193_libl6cf.zip,proveedores\Nueva carpeta\1783537155193_libl6cf.zip,1783537155193_libl6cf,800093443,TABLEROS ELECTRICOS SA S,Aprobado,800093443 - TABLEROS ELECTRICOS SA S,12,"Acta Manual Proveedores, Camara de Comercio, Cedula Representante Legal, Certificacion Bancaria, Certificaciones Comerciales, Certificado Estandares Minimos, Certificado de Calidad, Declaracion de Renta, Estados Financieros, RUT",OK,C:\Users\danie\Downloads\Proveedores\Proveedores_Clasificados\Aprobado\800093443 - TABLEROS ELECTRICOS SA S
ZIP,1783542920468_3kf34j2.zip,proveedores\Nueva carpeta\1783542920468_3kf34j2.zip,1783542920468_3kf34j2,800085913,CREACIONES CHAZARI S.A,Aprobado,800085913 - CREACIONES CHAZARI S.A,12,"Acta Manual Proveedores, Brochure y Portafolio, Camara de Comercio, Cedula Representante Legal, Certificacion Bancaria, Certificaciones Comerciales, Certificado Estandares Minimos, Declaracion de Renta, Estados Financieros, RUT",OK,C:\Users\danie\Downloads\Proveedores\Proveedores_Clasificados\Aprobado\800085913 - CREACIONES CHAZARI S.A
ZIP,1783613106548_7wm59he.zip,proveedores\Nueva carpeta\1783613106548_7wm59he.zip,1783613106548_7wm59he,900772076,RUSSELL BEDFORD MCA SAS BIC,Aprobado,900772076 - RUSSELL BEDFORD MCA SAS BIC,12,"Acta Manual Proveedores, Brochure y Portafolio, Camara de Comercio, Cedula Representante Legal, Certificacion Bancaria, Certificaciones Comerciales, Certificado Estandares Minimos, Declaracion de Renta, Estados Financieros, RUT",OK,C:\Users\danie\Downloads\Proveedores\Proveedores_Clasificados\Aprobado\900772076 - RUSSELL BEDFORD MCA SAS BIC
ZIP,1783710726826_87d6cra.zip,proveedores\Nueva carpeta (2)\1783710726826_87d6cra.zip,1783710726826_87d6cra,805003116-1,VEGAS SUMINISTROS EMPRESARIALES SAS,Aprobado,805003116-1 - VEGAS SUMINISTROS EMPRESARIALES SAS,12,"Acta Manual Proveedores, Brochure y Portafolio, Camara de Comercio, Cedula Representante Legal, Certificacion Bancaria, Certificaciones Comerciales, Certificado Estandares Minimos, Declaracion de Renta, Estados Financieros, RUT",OK,C:\Users\danie\Downloads\Proveedores\Proveedores_Clasificados\Aprobado\805003116-1 - VEGAS SUMINISTROS EMPRESARIALES SAS
ZIP,1783714076913_n86ydts.zip,proveedores\Nueva carpeta (2)\1783714076913_n86ydts.zip,1783714076913_n86ydts,891409156,TECNODIESEL  S.A.S,Rechazado,891409156 - TECNODIESEL S.A.S,12,"Acta Manual Proveedores, Brochure y Portafolio, Camara de Comercio, Cedula Representante Legal, Certificacion Bancaria, Certificaciones Comerciales, Certificado Estandares Minimos, Declaracion de Renta, Estados Financieros, RUT",OK,C:\Users\danie\Downloads\Proveedores\Proveedores_Clasificados\Rechazado\891409156 - TECNODIESEL S.A.S
ZIP,1784120337614_wh0pvcc.zip,proveedores\Nueva carpeta (2)\1784120337614_wh0pvcc.zip,1784120337614_wh0pvcc,900957516-0,PROYECTOS E IMPERMEABILIZACIONES IMPRO S.A.S,Aprobado,900957516-0 - PROYECTOS E IMPERMEABILIZACIONES IMPRO S.A.S,12,"Acta Manual Proveedores, Brochure y Portafolio, Camara de Comercio, Cedula Representante Legal, Certificacion Bancaria, Certificaciones Comerciales, Certificado Estandares Minimos, Declaracion de Renta, Estados Financieros, RUT",OK,C:\Users\danie\Downloads\Proveedores\Proveedores_Clasificados\Aprobado\900957516-0 - PROYECTOS E IMPERMEABILIZACIONES IMPRO S.A.S
ZIP,1784125901267_c81t58b.zip,proveedores\Nueva carpeta (2)\1784125901267_c81t58b.zip,1784125901267_c81t58b,800078360-4,REDOX COLOMBIA S A S,Aprobado,800078360-4 - REDOX COLOMBIA S A S,12,"Acta Manual Proveedores, Brochure y Portafolio, Camara de Comercio, Cedula Representante Legal, Certificacion Bancaria, Certificaciones Comerciales, Certificado Estandares Minimos, Declaracion de Renta, Estados Financieros, RUT",OK,C:\Users\danie\Downloads\Proveedores\Proveedores_Clasificados\Aprobado\800078360-4 - REDOX COLOMBIA S A S
ZIP,1784133395454_tkzqopw.zip,proveedores\Nueva carpeta (2)\1784133395454_tkzqopw.zip,1784133395454_tkzqopw,901885030,GRUPO INVERSOR TECSEIN SAS,Aprobado,901885030 - GRUPO INVERSOR TECSEIN SAS,12,"Acta Manual Proveedores, Brochure y Portafolio, Camara de Comercio, Cedula Representante Legal, Certificacion Bancaria, Certificaciones Comerciales, Certificado Estandares Minimos, Declaracion de Renta, Estados Financieros, RUT",OK,C:\Users\danie\Downloads\Proveedores\Proveedores_Clasificados\Aprobado\901885030 - GRUPO INVERSOR TECSEIN SAS
ZIP,1784152513444_3516pif.zip,proveedores\Nueva carpeta (2)\1784152513444_3516pif.zip,1784152513444_3516pif,900858744-9,AAA ENGYGAS SAS,Aprobado,900858744-9 - AAA ENGYGAS SAS,11,"Acta Manual Proveedores, Camara de Comercio, Cedula Representante Legal, Certificacion Bancaria, Certificaciones Comerciales, Certificado Ambiental, Certificado Estandares Minimos, Declaracion de Renta, RUT",OK,C:\Users\danie\Downloads\Proveedores\Proveedores_Clasificados\Aprobado\900858744-9 - AAA ENGYGAS SAS
ZIP,1784211461794_fuxr71p.zip,proveedores\Nueva carpeta (2)\1784211461794_fuxr71p.zip,1784211461794_fuxr71p,900861294-7,Proyectos Tecnológicos Publicitarios SAS,Aprobado,900861294-7 - Proyectos Tecnológicos Publicitarios SAS,11,"Acta Manual Proveedores, Camara de Comercio, Cedula Representante Legal, Certificacion Bancaria, Certificaciones Comerciales, Certificado Estandares Minimos, Declaracion de Renta, Estados Financieros, RUT",OK,C:\Users\danie\Downloads\Proveedores\Proveedores_Clasificados\Aprobado\900861294-7 - Proyectos Tecnológicos Publicitarios SAS
ZIP,1784317362285_cd4m5db.zip,proveedores\Nueva carpeta (2)\1784317362285_cd4m5db.zip,1784317362285_cd4m5db,900664040-9,ESPECIALISTAS EN SANEAMIENTO Y SERVICIOS AMBIENTALES S.A.S.,Aprobado,900664040-9 - ESPECIALISTAS EN SANEAMIENTO Y SERVICIOS AMBIENTALES S.A.S,12,"Acta Manual Proveedores, Brochure y Portafolio, Camara de Comercio, Cedula Representante Legal, Certificacion Bancaria, Certificaciones Comerciales, Certificado Estandares Minimos, Declaracion de Renta, Estados Financieros, RUT",OK,C:\Users\danie\Downloads\Proveedores\Proveedores_Clasificados\Aprobado\900664040-9 - ESPECIALISTAS EN SANEAMIENTO Y SERVICIOS AMBIENTALES S.A.S
ZIP,1784810021617_6jcpl67.zip,proveedores\Nueva carpeta (2)\1784810021617_6jcpl67.zip,1784810021617_6jcpl67,901816363,JE ANGULO CONSTRUCTORES,Aprobado,901816363 - JE ANGULO CONSTRUCTORES,12,"Acta Manual Proveedores, Brochure y Portafolio, Camara de Comercio, Cedula Representante Legal, Certificacion Bancaria, Certificaciones Comerciales, Certificado Estandares Minimos, Declaracion de Renta, Estados Financieros, RUT",OK,C:\Users\danie\Downloads\Proveedores\Proveedores_Clasificados\Aprobado\901816363 - JE ANGULO CONSTRUCTORES
ZIP,1784835582035_k84dh2v.zip,proveedores\Nueva carpeta (2)\1784835582035_k84dh2v.zip,1784835582035_k84dh2v,900.474.144-0,POTENCIA Y TECNOLOGIA SAS,Aprobado,900.474.144-0 - POTENCIA Y TECNOLOGIA SAS,12,"Acta Manual Proveedores, Brochure y Portafolio, Camara de Comercio, Cedula Representante Legal, Certificacion Bancaria, Certificaciones Comerciales, Certificado Estandares Minimos, Declaracion de Renta, Estados Financieros, RUT",OK,C:\Users\danie\Downloads\Proveedores\Proveedores_Clasificados\Aprobado\900.474.144-0 - POTENCIA Y TECNOLOGIA SAS
ZIP,1784902548391_t2h1uqi.zip,proveedores\Nueva carpeta (3)\1784902548391_t2h1uqi.zip,1784902548391_t2h1uqi,901.525.438-4,GAIA CONSTRUCTORES SAS,Aprobado,901.525.438-4 - GAIA CONSTRUCTORES SAS,11,"Acta Manual Proveedores, Brochure y Portafolio, Camara de Comercio, Cedula Representante Legal, Certificacion Bancaria, Certificaciones Comerciales, Certificado Estandares Minimos, Declaracion de Renta, RUT",OK,C:\Users\danie\Downloads\Proveedores\Proveedores_Clasificados\Aprobado\901.525.438-4 - GAIA CONSTRUCTORES SAS
ZIP,1785167340590_7gpyuf1.zip,proveedores\Nueva carpeta (3)\1785167340590_7gpyuf1.zip,1785167340590_7gpyuf1,901177612,DCGE SERVICE SAS,Aprobado,901177612 - DCGE SERVICE SAS,12,"Acta Manual Proveedores, Brochure y Portafolio, Camara de Comercio, Cedula Representante Legal, Certificacion Bancaria, Certificaciones Comerciales, Certificado Estandares Minimos, Declaracion de Renta, Estados Financieros, RUT",OK,C:\Users\danie\Downloads\Proveedores\Proveedores_Clasificados\Aprobado\901177612 - DCGE SERVICE SAS
ZIP Vacío,1785168673224_nh10qht.zip,proveedores\Nueva carpeta (3)\1785168673224_nh10qht.zip,1785168673224_nh10qht,901580732-9,VER INGENIERIA SAS,Aprobado,901580732-9 - VER INGENIERIA SAS,0,ZIP Vacío (Sin documentos),El archivo zip no contiene documentos,C:\Users\danie\Downloads\Proveedores\Proveedores_Clasificados\Aprobado\901580732-9 - VER INGENIERIA SAS
ZIP,1785336243040_197hg7e.zip,proveedores\Nueva carpeta (3)\1785336243040_197hg7e.zip,1785336243040_197hg7e,900131512-6,DISTRIBUCIONES AGROPECUARIAS DEL VALLE SA (DIAGROVAL SA),Aprobado,900131512-6 - DISTRIBUCIONES AGROPECUARIAS DEL VALLE SA (DIAGROVAL SA),10,"Acta Manual Proveedores, Camara de Comercio, Cedula Representante Legal, Certificacion Bancaria, Certificaciones Comerciales, Declaracion de Renta, Estados Financieros, RUT",OK,C:\Users\danie\Downloads\Proveedores\Proveedores_Clasificados\Aprobado\900131512-6 - DISTRIBUCIONES AGROPECUARIAS DEL VALLE SA (DIAGROVAL SA)
ZIP Vacío,1785339670380_resejif.zip,proveedores\Nueva carpeta (3)\1785339670380_resejif.zip,1785339670380_resejif,900353808-3,INGENIERIA CONSTRUCCION Y ELECTRICIDAD SOCIEDAD POR ACCIONES SIMPLIFICADAS,Aprobado,900353808-3 - INGENIERIA CONSTRUCCION Y ELECTRICIDAD SOCIEDAD POR ACCIONES SIMPLIFICADAS,0,ZIP Vacío (Sin documentos),El archivo zip no contiene documentos,C:\Users\danie\Downloads\Proveedores\Proveedores_Clasificados\Aprobado\900353808-3 - INGENIERIA CONSTRUCCION Y ELECTRICIDAD SOCIEDAD POR ACCIONES SIMPLIFICADAS
ZIP Vacío,1785342923614_8unf2x7.zip,proveedores\Nueva carpeta (3)\1785342923614_8unf2x7.zip,1785342923614_8unf2x7,805022943,Sistem sas,Aprobado,805022943 - Sistem sas,0,ZIP Vacío (Sin documentos),El archivo zip no contiene documentos,C:\Users\danie\Downloads\Proveedores\Proveedores_Clasificados\Aprobado\805022943 - Sistem sas
ZIP Vacío,1785370856155_6i65azh.zip,proveedores\Nueva carpeta (3)\1785370856155_6i65azh.zip,1785370856155_6i65azh,1020397958,Ángela Yaneth Ramirez Vasquez,Aprobado,1020397958 - Ángela Yaneth Ramirez Vasquez,0,ZIP Vacío (Sin documentos),El archivo zip no contiene documentos,C:\Users\danie\Downloads\Proveedores\Proveedores_Clasificados\Aprobado\1020397958 - Ángela Yaneth Ramirez Vasquez
ZIP,1785524423146_o3pmc0k.zip,proveedores\Nueva carpeta (3)\1785524423146_o3pmc0k.zip,1785524423146_o3pmc0k,901801215,GRUPO FIBRATEX SAS,Aprobado,901801215 - GRUPO FIBRATEX SAS,10,"Acta Manual Proveedores, Camara de Comercio, Cedula Representante Legal, Certificacion Bancaria, Certificaciones Comerciales, Declaracion de Renta, Estados Financieros, RUT",OK,C:\Users\danie\Downloads\Proveedores\Proveedores_Clasificados\Aprobado\901801215 - GRUPO FIBRATEX SAS
ZIP,1785939025749_j26v9zk.zip,proveedores\Nueva carpeta (3)\1785939025749_j26v9zk.zip,1785939025749_j26v9zk,900850044-5,"MAKA, MARCA Y EMPAQUE SAS",Aprobado,"900850044-5 - MAKA, MARCA Y EMPAQUE SAS",11,"Acta Manual Proveedores, Brochure y Portafolio, Camara de Comercio, Cedula Representante Legal, Certificacion Bancaria, Certificaciones Comerciales, Declaracion de Renta, Estados Financieros, RUT",OK,"C:\Users\danie\Downloads\Proveedores\Proveedores_Clasificados\Aprobado\900850044-5 - MAKA, MARCA Y EMPAQUE SAS"
ZIP,1786032623016_qkxtjs3.zip,proveedores\Nueva carpeta (3)\1786032623016_qkxtjs3.zip,1786032623016_qkxtjs3,901291872-1,ESCUELA VERTICAL DEL PACIFICO SAS,Aprobado,901291872-1 - ESCUELA VERTICAL DEL PACIFICO SAS,12,"Acta Manual Proveedores, Brochure y Portafolio, Camara de Comercio, Cedula Representante Legal, Certificacion Bancaria, Certificaciones Comerciales, Certificado Estandares Minimos, Declaracion de Renta, Estados Financieros, RUT",OK,C:\Users\danie\Downloads\Proveedores\Proveedores_Clasificados\Aprobado\901291872-1 - ESCUELA VERTICAL DEL PACIFICO SAS
ZIP,1786289481002_lxil190.zip,proveedores\Nueva carpeta (4)\1786289481002_lxil190.zip,1786289481002_lxil190,66715878,Madearoc decoración,Aprobado,66715878 - Madearoc decoración,6,"Acta Manual Proveedores, Cedula Representante Legal, Certificacion Bancaria, Certificaciones Comerciales, RUT",OK,C:\Users\danie\Downloads\Proveedores\Proveedores_Clasificados\Aprobado\66715878 - Madearoc decoración
ZIP,1787057981688_kun8m47.zip,proveedores\Nueva carpeta (4)\1787057981688_kun8m47.zip,1787057981688_kun8m47,900427442-0,KER INGENIERIA S.A.S BIC,Aprobado,900427442-0 - KER INGENIERIA S.A.S BIC,12,"Acta Manual Proveedores, Brochure y Portafolio, Camara de Comercio, Cedula Representante Legal, Certificacion Bancaria, Certificaciones Comerciales, Certificado Estandares Minimos, Declaracion de Renta, Estados Financieros, RUT",OK,C:\Users\danie\Downloads\Proveedores\Proveedores_Clasificados\Aprobado\900427442-0 - KER INGENIERIA S.A.S BIC
ZIP,1787065401331_vu8d7e0.zip,proveedores\Nueva carpeta (4)\1787065401331_vu8d7e0.zip,1787065401331_vu8d7e0,900405720-9,CYC CONSTRUCCIONES Y CONSULTORIA ESTRUCTURAL SAS,Aprobado,900405720-9 - CYC CONSTRUCCIONES Y CONSULTORIA ESTRUCTURAL SAS,12,"Acta Manual Proveedores, Brochure y Portafolio, Camara de Comercio, Cedula Representante Legal, Certificacion Bancaria, Certificaciones Comerciales, Certificado Estandares Minimos, Declaracion de Renta, Estados Financieros, RUT",OK,C:\Users\danie\Downloads\Proveedores\Proveedores_Clasificados\Aprobado\900405720-9 - CYC CONSTRUCCIONES Y CONSULTORIA ESTRUCTURAL SAS
ZIP,1787074422200_1dypvto.zip,proveedores\Nueva carpeta (4)\1787074422200_1dypvto.zip,1787074422200_1dypvto,900953289-5,INDUSTRIA TEXTIL DEL EJE CAFETERO SAS,Aprobado,900953289-5 - INDUSTRIA TEXTIL DEL EJE CAFETERO SAS,11,"Acta Manual Proveedores, Camara de Comercio, Cedula Representante Legal, Certificacion Bancaria, Certificaciones Comerciales, Certificado Estandares Minimos, Declaracion de Renta, Estados Financieros, RUT",OK,C:\Users\danie\Downloads\Proveedores\Proveedores_Clasificados\Aprobado\900953289-5 - INDUSTRIA TEXTIL DEL EJE CAFETERO SAS
ZIP,1787155366811_cwinmm8.zip,proveedores\Nueva carpeta (4)\1787155366811_cwinmm8.zip,1787155366811_cwinmm8,900078105-5,IGNACIO COTTE & CIA S.A.S.,Aprobado,900078105-5 - IGNACIO COTTE & CIA S.A.S,12,"Acta Manual Proveedores, Brochure y Portafolio, Camara de Comercio, Cedula Representante Legal, Certificacion Bancaria, Certificaciones Comerciales, Certificado Estandares Minimos, Declaracion de Renta, Estados Financieros, RUT",OK,C:\Users\danie\Downloads\Proveedores\Proveedores_Clasificados\Aprobado\900078105-5 - IGNACIO COTTE & CIA S.A.S
ZIP,1787598818128_ipnksef.zip,proveedores\Nueva carpeta (4)\1787598818128_ipnksef.zip,1787598818128_ipnksef,901136442,Noventa Grados Diseño y Construcción S.A.S,Aprobado,901136442 - Noventa Grados Diseño y Construcción S.A.S,11,"Acta Manual Proveedores, Brochure y Portafolio, Camara de Comercio, Cedula Representante Legal, Certificacion Bancaria, Certificaciones Comerciales, Declaracion de Renta, Estados Financieros, RUT",OK,C:\Users\danie\Downloads\Proveedores\Proveedores_Clasificados\Aprobado\901136442 - Noventa Grados Diseño y Construcción S.A.S
ZIP,1787670130061_68g8i62.zip,proveedores\Nueva carpeta (4)\1787670130061_68g8i62.zip,1787670130061_68g8i62,900583084-4,SERVIMONTAJES Y SUMINISTROS SAS,Aprobado,900583084-4 - SERVIMONTAJES Y SUMINISTROS SAS,12,"Acta Manual Proveedores, Brochure y Portafolio, Camara de Comercio, Cedula Representante Legal, Certificacion Bancaria, Certificaciones Comerciales, Certificado Estandares Minimos, Declaracion de Renta, Estados Financieros, RUT",OK,C:\Users\danie\Downloads\Proveedores\Proveedores_Clasificados\Aprobado\900583084-4 - SERVIMONTAJES Y SUMINISTROS SAS
ZIP,1787674194439_b6hopcl.zip,proveedores\Nueva carpeta (4)\1787674194439_b6hopcl.zip,1787674194439_b6hopcl,901121769-2,BEST PLACE CLEAN SAS,Aprobado,901121769-2 - BEST PLACE CLEAN SAS,13,"Acta Manual Proveedores, Brochure y Portafolio, Camara de Comercio, Cedula Representante Legal, Certificacion Bancaria, Certificaciones Comerciales, Certificado Ambiental, Certificado Estandares Minimos, Declaracion de Renta, Estados Financieros, RUT",OK,C:\Users\danie\Downloads\Proveedores\Proveedores_Clasificados\Aprobado\901121769-2 - BEST PLACE CLEAN SAS
ZIP,1787696126481_rqzsga8.zip,proveedores\Nueva carpeta (4)\1787696126481_rqzsga8.zip,1787696126481_rqzsga8,901794358-6,RTS SEGURIDAD SAS,Aprobado,901794358-6 - RTS SEGURIDAD SAS,11,"Acta Manual Proveedores, Brochure y Portafolio, Camara de Comercio, Cedula Representante Legal, Certificacion Bancaria, Certificaciones Comerciales, Declaracion de Renta, Estados Financieros, RUT",OK,C:\Users\danie\Downloads\Proveedores\Proveedores_Clasificados\Aprobado\901794358-6 - RTS SEGURIDAD SAS
ZIP,1788192857918_2ip94os.zip,proveedores\Nueva carpeta (4)\1788192857918_2ip94os.zip,1788192857918_2ip94os,811044610-4,VIVALDI INGENIERIA HOSPITALARIA,Aprobado,811044610-4 - VIVALDI INGENIERIA HOSPITALARIA,12,"Acta Manual Proveedores, Camara de Comercio, Cedula Representante Legal, Certificacion Bancaria, Certificaciones Comerciales, Certificado Estandares Minimos, Certificado de Calidad, Declaracion de Renta, Estados Financieros, RUT",OK,C:\Users\danie\Downloads\Proveedores\Proveedores_Clasificados\Aprobado\811044610-4 - VIVALDI INGENIERIA HOSPITALARIA
ZIP,1788274596667_olfemkf.zip,proveedores\Nueva carpeta (5)\1788274596667_olfemkf.zip,1788274596667_olfemkf,900743256-1,INSUOFFICESERVIS SAS,Aprobado,900743256-1 - INSUOFFICESERVIS SAS,11,"Acta Manual Proveedores, Brochure y Portafolio, Camara de Comercio, Cedula Representante Legal, Certificacion Bancaria, Certificaciones Comerciales, Declaracion de Renta, Estados Financieros, RUT",OK,C:\Users\danie\Downloads\Proveedores\Proveedores_Clasificados\Aprobado\900743256-1 - INSUOFFICESERVIS SAS
ZIP Vacío,1788281639231_bs4lt7j.zip,proveedores\Nueva carpeta (5)\1788281639231_bs4lt7j.zip,1788281639231_bs4lt7j,901308667-4,SUMINISTROS ROSAS SAS,Aprobado,901308667-4 - SUMINISTROS ROSAS SAS,0,ZIP Vacío (Sin documentos),El archivo zip no contiene documentos,C:\Users\danie\Downloads\Proveedores\Proveedores_Clasificados\Aprobado\901308667-4 - SUMINISTROS ROSAS SAS
ZIP,1788540607077_w5pn3tu.zip,proveedores\Nueva carpeta (5)\1788540607077_w5pn3tu.zip,1788540607077_w5pn3tu,901689194-6,FMA INVESTMENTS GROUP SAS,Aprobado,901689194-6 - FMA INVESTMENTS GROUP SAS,11,"Acta Manual Proveedores, Brochure y Portafolio, Camara de Comercio, Cedula Representante Legal, Certificacion Bancaria, Certificaciones Comerciales, Declaracion de Renta, Estados Financieros, RUT",OK,C:\Users\danie\Downloads\Proveedores\Proveedores_Clasificados\Aprobado\901689194-6 - FMA INVESTMENTS GROUP SAS
ZIP Vacío,1788963643628_ekfy86q.zip,proveedores\Nueva carpeta (5)\1788963643628_ekfy86q.zip,1788963643628_ekfy86q,900996305-1,CONSTRUCCIONES VALLE VERDE S.A.S.,Aprobado,900996305-1 - CONSTRUCCIONES VALLE VERDE S.A.S,0,ZIP Vacío (Sin documentos),El archivo zip no contiene documentos,C:\Users\danie\Downloads\Proveedores\Proveedores_Clasificados\Aprobado\900996305-1 - CONSTRUCCIONES VALLE VERDE S.A.S
ZIP,1789481492872_azdnx3q.zip,proveedores\Nueva carpeta (5)\1789481492872_azdnx3q.zip,1789481492872_azdnx3q,900835743,ESTILO & DISEÑOS J S SAS,Aprobado,900835743 - ESTILO & DISEÑOS J S SAS,12,"Acta Manual Proveedores, Brochure y Portafolio, Camara de Comercio, Cedula Representante Legal, Certificacion Bancaria, Certificaciones Comerciales, Certificado Estandares Minimos, Declaracion de Renta, Estados Financieros, RUT",OK,C:\Users\danie\Downloads\Proveedores\Proveedores_Clasificados\Aprobado\900835743 - ESTILO & DISEÑOS J S SAS
ZIP,1789680380118_1pra3da.zip,proveedores\Nueva carpeta (5)\1789680380118_1pra3da.zip,1789680380118_1pra3da,900401014-9,SUBSUELO3D SAS,Aprobado,900401014-9 - SUBSUELO3D SAS,10,"Acta Manual Proveedores, Camara de Comercio, Cedula Representante Legal, Certificacion Bancaria, Certificaciones Comerciales, Certificado Estandares Minimos, Declaracion de Renta, RUT",OK,C:\Users\danie\Downloads\Proveedores\Proveedores_Clasificados\Aprobado\900401014-9 - SUBSUELO3D SAS
ZIP,1789743077634_7rypmw3.zip,proveedores\Nueva carpeta (5)\1789743077634_7rypmw3.zip,1789743077634_7rypmw3,901019240-3,BORJA GRUPO CONSTRUCCIONES,Aprobado,901019240-3 - BORJA GRUPO CONSTRUCCIONES,12,"Acta Manual Proveedores, Brochure y Portafolio, Camara de Comercio, Cedula Representante Legal, Certificacion Bancaria, Certificaciones Comerciales, Certificado Estandares Minimos, Declaracion de Renta, Estados Financieros, RUT",OK,C:\Users\danie\Downloads\Proveedores\Proveedores_Clasificados\Aprobado\901019240-3 - BORJA GRUPO CONSTRUCCIONES
ZIP Vacío,1789744163383_1c2zq71.zip,proveedores\Nueva carpeta (5)\1789744163383_1c2zq71.zip,1789744163383_1c2zq71,901900214,PRADA TALENT GROUP SAS,Aprobado,901900214 - PRADA TALENT GROUP SAS,0,ZIP Vacío (Sin documentos),El archivo zip no contiene documentos,C:\Users\danie\Downloads\Proveedores\Proveedores_Clasificados\Aprobado\901900214 - PRADA TALENT GROUP SAS
ZIP Vacío,1789747568460_73aicif.zip,proveedores\Nueva carpeta (5)\1789747568460_73aicif.zip,1789747568460_73aicif,900373125-7,Innova Tech Partners S.A.S.,Aprobado,900373125-7 - Innova Tech Partners S.A.S,0,ZIP Vacío (Sin documentos),El archivo zip no contiene documentos,C:\Users\danie\Downloads\Proveedores\Proveedores_Clasificados\Aprobado\900373125-7 - Innova Tech Partners S.A.S
ZIP,1789764626093_4zorsip.zip,proveedores\Nueva carpeta (5)\1789764626093_4zorsip.zip,1789764626093_4zorsip,901616360-1,KAYTECH SAS,Aprobado,901616360-1 - KAYTECH SAS,11,"Acta Manual Proveedores, Brochure y Portafolio, Camara de Comercio, Cedula Representante Legal, Certificacion Bancaria, Certificaciones Comerciales, Declaracion de Renta, Estados Financieros, RUT",OK,C:\Users\danie\Downloads\Proveedores\Proveedores_Clasificados\Aprobado\901616360-1 - KAYTECH SAS
ZIP,1790009263078_s91c1nm.zip,proveedores\Nueva carpeta (6)\1790009263078_s91c1nm.zip,1790009263078_s91c1nm,901524949-1,HOMIE SOLUTION SAS,Pendiente,901524949-1 - HOMIE SOLUTION SAS,10,"Acta Manual Proveedores, Brochure y Portafolio, Camara de Comercio, Cedula Representante Legal, Certificacion Bancaria, Certificaciones Comerciales, Declaracion de Renta, RUT",OK,C:\Users\danie\Downloads\Proveedores\Proveedores_Clasificados\Pendiente\901524949-1 - HOMIE SOLUTION SAS
ZIP,1790031481690_zx9s6ag.zip,proveedores\Nueva carpeta (6)\1790031481690_zx9s6ag.zip,1790031481690_zx9s6ag,900987443-1,INALUMH SAS,Pendiente,900987443-1 - INALUMH SAS,12,"Acta Manual Proveedores, Brochure y Portafolio, Camara de Comercio, Cedula Representante Legal, Certificacion Bancaria, Certificaciones Comerciales, Certificado Estandares Minimos, Declaracion de Renta, Estados Financieros, RUT",OK,C:\Users\danie\Downloads\Proveedores\Proveedores_Clasificados\Pendiente\900987443-1 - INALUMH SAS
ZIP,1790089244259_3pjmuow.zip,proveedores\Nueva carpeta (6)\1790089244259_3pjmuow.zip,1790089244259_3pjmuow,901291408,Pelaez seguridad s.a.s,Pendiente,901291408 - Pelaez seguridad s.a.s,11,"Acta Manual Proveedores, Brochure y Portafolio, Camara de Comercio, Cedula Representante Legal, Certificacion Bancaria, Certificaciones Comerciales, Declaracion de Renta, Estados Financieros, RUT",OK,C:\Users\danie\Downloads\Proveedores\Proveedores_Clasificados\Pendiente\901291408 - Pelaez seguridad s.a.s
ZIP Vacío,1790092607756_lo7g5j6.zip,proveedores\Nueva carpeta (6)\1790092607756_lo7g5j6.zip,1790092607756_lo7g5j6,1022948016-8,M.C.S CONSTRUCCIONES Y RENOVACONES,Pendiente,1022948016-8 - M.C.S CONSTRUCCIONES Y RENOVACONES,0,ZIP Vacío (Sin documentos),El archivo zip no contiene documentos,C:\Users\danie\Downloads\Proveedores\Proveedores_Clasificados\Pendiente\1022948016-8 - M.C.S CONSTRUCCIONES Y RENOVACONES
ZIP,1790192757303_m1r2fz8.zip,proveedores\Nueva carpeta (6)\1790192757303_m1r2fz8.zip,1790192757303_m1r2fz8,1013593001-1,Linaje Grafico,Pendiente,1013593001-1 - Linaje Grafico,7,"Acta Manual Proveedores, Brochure y Portafolio, Cedula Representante Legal, Certificacion Bancaria, Certificaciones Comerciales, RUT",OK,C:\Users\danie\Downloads\Proveedores\Proveedores_Clasificados\Pendiente\1013593001-1 - Linaje Grafico
ZIP Vacío,1790197644267_37jx4aj.zip,proveedores\Nueva carpeta (6)\1790197644267_37jx4aj.zip,1790197644267_37jx4aj,900759272-1,AS DISTRIBUCION INSTITUCIONAL SAS,Pendiente,900759272-1 - AS DISTRIBUCION INSTITUCIONAL SAS,0,ZIP Vacío (Sin documentos),El archivo zip no contiene documentos,C:\Users\danie\Downloads\Proveedores\Proveedores_Clasificados\Pendiente\900759272-1 - AS DISTRIBUCION INSTITUCIONAL SAS
ZIP,1790271510896_sm6xczk.zip,proveedores\Nueva carpeta (6)\1790271510896_sm6xczk.zip,1790271510896_sm6xczk,901660051,ONE SOLUTION ARQUITECTURA SAS,Pendiente,901660051 - ONE SOLUTION ARQUITECTURA SAS,12,"Acta Manual Proveedores, Brochure y Portafolio, Camara de Comercio, Cedula Representante Legal, Certificacion Bancaria, Certificaciones Comerciales, Certificado Estandares Minimos, Declaracion de Renta, Estados Financieros, RUT",OK,C:\Users\danie\Downloads\Proveedores\Proveedores_Clasificados\Pendiente\901660051 - ONE SOLUTION ARQUITECTURA SAS
ZIP,1790348727983_l1aw5cg.zip,proveedores\Nueva carpeta (6)\1790348727983_l1aw5cg.zip,1790348727983_l1aw5cg,901854450,ANCLAJES Y SOLUCIONES TECNICAS DE COLOMBIA SAS,Pendiente,901854450 - ANCLAJES Y SOLUCIONES TECNICAS DE COLOMBIA SAS,12,"Acta Manual Proveedores, Brochure y Portafolio, Camara de Comercio, Cedula Representante Legal, Certificacion Bancaria, Certificaciones Comerciales, Certificado Estandares Minimos, Declaracion de Renta, Estados Financieros, RUT",OK,C:\Users\danie\Downloads\Proveedores\Proveedores_Clasificados\Pendiente\901854450 - ANCLAJES Y SOLUCIONES TECNICAS DE COLOMBIA SAS
ZIP Vacío,1790607683770_p72vosu.zip,proveedores\Nueva carpeta (6)\1790607683770_p72vosu.zip,1790607683770_p72vosu,891303786,SEGURIDAD DE OCCIDENTE LTDA,Pendiente,891303786 - SEGURIDAD DE OCCIDENTE LTDA,0,ZIP Vacío (Sin documentos),El archivo zip no contiene documentos,C:\Users\danie\Downloads\Proveedores\Proveedores_Clasificados\Pendiente\891303786 - SEGURIDAD DE OCCIDENTE LTDA
ZIP,1790695352052_k4xnidw.zip,proveedores\Nueva carpeta (6)\1790695352052_k4xnidw.zip,1790695352052_k4xnidw,1094957493,HNH ABOGADAS ASOCIADAS,Pendiente,1094957493 - HNH ABOGADAS ASOCIADAS,7,"Acta Manual Proveedores, Brochure y Portafolio, Cedula Representante Legal, Certificacion Bancaria, Certificaciones Comerciales, RUT",OK,C:\Users\danie\Downloads\Proveedores\Proveedores_Clasificados\Pendiente\1094957493 - HNH ABOGADAS ASOCIADAS
ZIP,1790696924564_dz3to1v.zip,proveedores\Nueva carpeta (7)\1790696924564_dz3to1v.zip,1790696924564_dz3to1v,901284778-8,TRANSPORTES J&D SAS,Pendiente,901284778-8 - TRANSPORTES J&D SAS,12,"Acta Manual Proveedores, Brochure y Portafolio, Camara de Comercio, Cedula Representante Legal, Certificacion Bancaria, Certificaciones Comerciales, Certificado Estandares Minimos, Declaracion de Renta, Estados Financieros, RUT",OK,C:\Users\danie\Downloads\Proveedores\Proveedores_Clasificados\Pendiente\901284778-8 - TRANSPORTES J&D SAS
ZIP Vacío,1790866007469_7tr2kbh.zip,proveedores\Nueva carpeta (7)\1790866007469_7tr2kbh.zip,1790866007469_7tr2kbh,901673252-5,ASA SERVICIOS ESPECIALIZADOS,Pendiente,901673252-5 - ASA SERVICIOS ESPECIALIZADOS,0,ZIP Vacío (Sin documentos),El archivo zip no contiene documentos,C:\Users\danie\Downloads\Proveedores\Proveedores_Clasificados\Pendiente\901673252-5 - ASA SERVICIOS ESPECIALIZADOS
ZIP,1791133166446_85s9cg2.zip,proveedores\Nueva carpeta (7)\1791133166446_85s9cg2.zip,1791133166446_85s9cg2,DESCONOCIDO,NO_ENCONTRADO_EN_CSV,No Identificado,1791133166446_85s9cg2,1,RUT,ID no encontrado en CSV,C:\Users\danie\Downloads\Proveedores\Proveedores_Clasificados\No_Identificados\1791133166446_85s9cg2
ZIP Vacío,1791148649912_stv2gf8.zip,proveedores\Nueva carpeta (7)\1791148649912_stv2gf8.zip,1791148649912_stv2gf8,DESCONOCIDO,NO_ENCONTRADO_EN_CSV,No Identificado,1791148649912_stv2gf8,0,ZIP Vacío,Zip vacío sin coincidencia en CSV,C:\Users\danie\Downloads\Proveedores\Proveedores_Clasificados\No_Identificados\1791148649912_stv2gf8
ZIP,1791149372550_51frid2.zip,proveedores\Nueva carpeta (7)\1791149372550_51frid2.zip,1791149372550_51frid2,31892822,OLGA MARINA BOTERO GOMEZ,Pendiente,31892822 - OLGA MARINA BOTERO GOMEZ,8,"Acta Manual Proveedores, Brochure y Portafolio, Cedula Representante Legal, Certificacion Bancaria, Certificaciones Comerciales, RUT",OK,C:\Users\danie\Downloads\Proveedores\Proveedores_Clasificados\Pendiente\31892822 - OLGA MARINA BOTERO GOMEZ
ZIP Vacío,1791216492728_dhrktra.zip,proveedores\Nueva carpeta (7)\1791216492728_dhrktra.zip,1791216492728_dhrktra,DESCONOCIDO,NO_ENCONTRADO_EN_CSV,No Identificado,1791216492728_dhrktra,0,ZIP Vacío,Zip vacío sin coincidencia en CSV,C:\Users\danie\Downloads\Proveedores\Proveedores_Clasificados\No_Identificados\1791216492728_dhrktra
ZIP,1791224090259_gyj64ek.zip,proveedores\Nueva carpeta (7)\1791224090259_gyj64ek.zip,1791224090259_gyj64ek,1006050569,SAMUEL DAVID MARIN JIMENEZ,Pendiente,1006050569 - SAMUEL DAVID MARIN JIMENEZ,7,"Acta Manual Proveedores, Brochure y Portafolio, Cedula Representante Legal, Certificacion Bancaria, Certificaciones Comerciales, RUT",OK,C:\Users\danie\Downloads\Proveedores\Proveedores_Clasificados\Pendiente\1006050569 - SAMUEL DAVID MARIN JIMENEZ
ZIP,1791292828925_sp0ag3d.zip,proveedores\Nueva carpeta (7)\1791292828925_sp0ag3d.zip,1791292828925_sp0ag3d,900346484-1,PREVEO SAS,Pendiente,900346484-1 - PREVEO SAS,12,"Acta Manual Proveedores, Camara de Comercio, Cedula Representante Legal, Certificacion Bancaria, Certificaciones Comerciales, Certificado Estandares Minimos, Declaracion de Renta, Estados Financieros, RUT",OK,C:\Users\danie\Downloads\Proveedores\Proveedores_Clasificados\Pendiente\900346484-1 - PREVEO SAS
ZIP,1791315082176_nuwqq89.zip,proveedores\Nueva carpeta (7)\1791315082176_nuwqq89.zip,1791315082176_nuwqq89,DESCONOCIDO,NO_ENCONTRADO_EN_CSV,No Identificado,1791315082176_nuwqq89,7,"Brochure y Portafolio, Cedula Representante Legal, Certificacion Bancaria, Certificaciones Comerciales, Declaracion de Renta, RUT",ID no encontrado en CSV,C:\Users\danie\Downloads\Proveedores\Proveedores_Clasificados\No_Identificados\1791315082176_nuwqq89
ZIP,1791318434187_xdfw2fi.zip,proveedores\Nueva carpeta (7)\1791318434187_xdfw2fi.zip,1791318434187_xdfw2fi,DESCONOCIDO,NO_ENCONTRADO_EN_CSV,No Identificado,1791318434187_xdfw2fi,10,"Acta Manual Proveedores, Camara de Comercio, Cedula Representante Legal, Certificacion Bancaria, Certificaciones Comerciales, Certificado Estandares Minimos, Declaracion de Renta, Estados Financieros, RUT",ID no encontrado en CSV,C:\Users\danie\Downloads\Proveedores\Proveedores_Clasificados\No_Identificados\1791318434187_xdfw2fi
